Material,PKA,Reference,Measurement,Phase,Ed (eV),PKA_Z,PKA_r (A),PKA_m (u),PKA_Stochiometry,PKA_CN,PKA_l (A),Density (g/cm^3),T (K)
Ag,Ag,Lucasson_1962,RM,fcc,28,47,1.72,107.8682,1,12,2.9,10.49,20
Ag,Ag,Roberts_1966,RM,fcc,24,47,1.72,107.8682,1,12,2.9,10.49,7
Ag,Ag,Roberts_1966,RM,fcc,24,47,1.72,107.8682,1,12,2.9,10.49,75
Ag,Ag,Corbett_1959,RM,fcc,30,47,1.72,107.8682,1,12,2.9,10.49,10
Ag,Ag,Ogilvie_1969,HVEM,fcc,19.16666667,47,1.72,107.8682,1,12,2.9,10.49,NR
Ag,Ag,Vadja_1977,AE,fcc,27,47,1.72,107.8682,1,12,2.9,10.49,30
Ag,Ag,Yang_2021,AIMD,fcc,24,47,1.72,107.8682,1,12,2.9,10.49,10
Ag,Ag,Yang_2021,MD,fcc,20,47,1.72,107.8682,1,12,2.9,10.49,10
Al,Al,Iseler_1966,RM,fcc,16,13,1.84,26.9815,1,12,2.86,2.7,4.2
Al,Al,Lucasson_1962,RM,fcc,32,13,1.84,26.9815,1,12,2.86,2.7,20
Al,Al,Neely_1966,RM,fcc,19,13,1.84,26.9815,1,12,2.86,2.7,8
Al,Al,Simpson_1969,RM,fcc,16,13,1.84,26.9815,1,12,2.86,2.7,4.2
Al,Al,Pruitt_1971,AE,fcc,16,13,1.84,26.9815,1,12,2.86,2.7,10
Al,Al,Gao_1993,MD,fcc,17,13,1.84,26.9815,1,12,2.86,2.7,0
Al,Al,Yang_2021,AIMD,fcc,16,13,1.84,26.9815,1,12,2.86,2.7,10
Al,Al,Yang_2021,MD,fcc,14,13,1.84,26.9815,1,12,2.86,2.7,10
Al2O3,O,Williford_1988,MD,alpha,43.3,8,0.48,15.999,0.6,4,1.9141,3.98,NR
Al2O3,Al,Williford_1988,MD,alpha,39.5,13,1.43,26.9815,0.4,6,1.9141,3.98,NR
Al2O3,O,Pells_1983,HVEM,alpha,76,8,0.48,15.999,0.6,4,1.9141,3.98,293
Al2O3,Al,Pells_1983,HVEM,alpha,18,13,1.43,26.9815,0.4,6,1.9141,3.98,293
Al2O3,O,Arnold_1960,OAL,alpha,90,8,0.48,15.999,0.6,4,1.9141,3.98,77
Al2O3,Al,Arnold_1960,OAL,alpha,50,13,1.43,26.9815,0.4,6,1.9141,3.98,77
Al2O3,O,Pells_1979,HVEM,alpha,75,8,0.48,15.999,0.6,4,1.9141,3.98,NR
Al2O3,Al,Pells_1979,HVEM,alpha,18,13,1.43,26.9815,0.4,6,1.9141,3.98,NR
Al2O3,O,Compton_1961,OAL,alpha,70,8,0.48,15.999,0.6,4,1.9141,3.98,77
Al2O3,Al,Compton_1961,OAL,alpha,40,13,1.43,26.9815,0.4,6,1.9141,3.98,77
Al2O3,O,Das_1983,HVEM,alpha,47,8,0.48,15.999,0.6,4,1.9141,3.98,293
Al2O3,Al,Das_1983,HVEM,alpha,28,13,1.43,26.9815,0.4,6,1.9141,3.98,293
Al2O3,O,Yuan_2017,AIMD,alpha,38,8,0.48,15.999,0.6,4,1.9141,3.52,293
Al2O3,Al,Yuan_2017,AIMD,alpha,91,13,1.43,26.9815,0.4,6,1.9141,3.52,293
Al2O3,O,Caufield,luminiscense,alpha,51,13,1.43,26.9815,0.4,6,1.9141,3.98,NR
Al2O3_2,O,Wang_2019,AIMD,theta,14,8,0.48,15.999,0.6,3,1.85918,3.867636319,293
AlAs,Al,Sayed_1995,MD,zincblende,18.6,13,1.43,26.9815,0.5,4,2.46,3.7,0
AlAs,As,Sayed_1995,MD,zincblende,16.9,33,1.14,74.9216,0.5,4,2.46,3.7,0
AlAs,Al,Jiang_2018,AIMD,zincblende,26,13,1.43,26.9815,0.5,4,2.46,3.7,NR
AlAs,As,Jiang_2018,AIMD,zincblende,18,33,1.14,74.9216,0.5,4,2.46,3.7,NR
AlN,N,Xi_2018,AIMD,wurtzite,39,7,0.56,14.0067,0.5,4,1.9,3.2,0
AlN,Al,Xi_2018,AIMD,wurtzite,94,13,1.84,26.9815,0.5,4,1.9,3.2,0
Au,Au,Bauer_1964,RM,cubic,34.5,79,1.74,196.96657,1,12,2.95,19.3,10
Au,Au,Bauer_1969,MD,cubic,36,79,1.74,196.96657,1,12,2.95,19.3,15
Au,Au,Ogilvie_1969,XB,cubic,20.17,79,1.74,196.96657,1,12,2.95,19.3,NR
BaTiO3,O,Cooper_2001,TRCS,cubic,45,8,0.48,15.999,0.6,6,2.553333333,6.02,293
BaTiO3,O,Gonzales_2015,MD,cubic,40,8,0.48,15.999,0.6,6,2.553333333,6.02,300
BaTiO3,Ti,Gonzales_2015,MD,cubic,97,22,1.76,47.867,0.2,6,2,6.02,300
BaTiO3,Ba,Gonzales_2015,MD,cubic,64,56,2.22,137.327,0.2,12,2.83,6.02,300
Be,Be,Jackson_2016,MD,TBA,35,4,1.12,9.012,1,12,2.24,1.848,300
Be,Be,Borodin_2013,MD,TBA,21,4,1.12,9.012,1,12,2.24,1.848,NR
BiTe,Bi,Bois_1987,RM,TBA,13,83,1.43,208.9804,0.5,6,3.25,8.12,20
BN,B,Wang_2019,MD,h,17.2,5,0.87,10.811,0.5,3,1.45,1.96,293
BN,N,Wang_2019,MD,h,17.8,7,0.56,14.0067,0.5,3,1.45,1.96,293
BN,B,Kotakoski_2010,AIMD,h,19.36,5,0.87,10.811,0.5,3,1.45,1.96,NR
BN,N,Kotakoski_2010,AIMD,h,23.06,7,0.56,14.0067,0.5,3,1.45,1.96,NR
BN,B,Kotakoski_2010,HRTEM,h,12.92,5,0.87,10.811,0.5,3,1.45,1.96,NR
BN,N,Kotakoski_2010,HRTEM,h,15,7,0.56,14.0067,0.5,3,1.45,1.96,NR
BN,B,Zobelli_2007,CSS,h,44.67,5,0.87,10.811,0.5,3,1.45,1.96,NR
BN,N,Zobelli_2007,CSS,h,91.67,7,0.56,14.0067,0.5,3,1.45,1.96,NR
C1,C,Koike_1992,HVEM,diamond,43.37,6,0.67,12.011,1,4,1.54,3.53,293
C1,C,Bourgoin_1976,CSA,diamond,35,6,0.67,12.011,1,4,1.54,3.53,15
C1,C,Steeds_2011,RM,diamond,31,6,0.67,12.011,1,4,1.54,3.53,NR
C1,C,Steeds_2011,AE,diamond,31,6,0.67,12.011,1,4,1.54,3.53,NR
C1,C,Delgado_2011,MD,diamond,70,6,0.67,12.011,1,4,1.54,3.53,NR
C2,C,Zobelli_2007,CSS,graphite,282,6,0.67,12.011,1,3,1.42,1.94,NR
C2,C,Steffen_1992,steffen,graphite,35,6,0.67,12.011,1,3,1.42,1.94,NR
C2,C,Marton_1993,Auger spec,graphite,35,6,0.67,12.011,1,3,1.42,1.94,NR
C2,C,Montet_1970,etch pits,graphite,31,6,0.67,12.011,1,3,1.42,1.94,NR
C2,C,Egerton_1977,TEM,graphite,34,6,0.67,12.011,1,3,1.42,1.94,NR
C2,C,Iwata_1971,RM,graphite,36,6,0.67,12.011,1,3,1.42,1.94,NR
C2,C,Marton_1993,Auger spec,graphite,35,6,0.67,12.011,1,3,1.42,1.94,NR
C2,C,Montet_1970,etch pits,graphite,31,6,0.67,12.011,1,3,1.42,1.94,NR
C2,C,Egerton_1977,TEM,graphite,34,6,0.67,12.011,1,3,1.42,1.94,NR
C2,C,Iwata_1971,RM,graphite,36,6,0.67,12.011,1,3,1.42,1.94,NR
C3,C,Crespi_1996,MD,nanotube,31.13,6,0.67,12.011,1,3,1.42,1.94,0
C3,C,Krasheninnikov_2005,MD,graphene,22,6,0.67,12.011,1,3,1.42,1.94,NR
C3,C,Merrill_2015,MD,nanotube,22,6,0.67,12.011,1,3,1.42,1.94,NR
C3,C,Banhart_2005,MD,graphene,19,6,0.67,12.011,1,3,1.42,1.94,600
C3,C,Zhang_2012,MD,nanotube,18,6,0.67,12.011,1,3,1.42,1.94,NR
Ca9Nd0.5Pu0.5(SiO4)(PO4)5F2,Ca,Meis_2001,MD,report,0.7,20,1.94,40.078,0.21,1,2.264,3.32,NR
Ca9Nd0.5Pu0.5(SiO4)(PO4)5F2,P,Meis_2001,MD,report,2.6,15,0.98,30.973762,0.12,4,2.264,3.32,NR
Ca9Nd0.5Pu0.5(SiO4)(PO4)5F2,Nd,Meis_2001,MD,report,1.1,60,2.06,144.242,0.01,1,2.264,3.32,NR
Ca9Nd0.5Pu0.5(SiO4)(PO4)5F2,Si,Meis_2001,MD,report,3.7,14,1.11,28.0855,0.02,4,2.264,3.32,NR
Ca9Nd0.5Pu0.5(SiO4)(PO4)5F2,O,Meis_2001,MD,report,0.9,8,0.48,15.999,0.57,1,2.264,3.32,NR
Ca9Nd0.5Pu0.5(SiO4)(PO4)5F2,F,Meis_2001,MD,report,0.3,9,0.42,18.998403,0.05,1,2.264,3.32,NR
Ca9Nd0.5Pu0.5(SiO4)(PO4)5F2,Pu,Meis_2001,MD,report,1.2,94,1.75,244,0.01,1,2.264,3.32,NR
CaF2,Ca,Morris_2020,MD,cubic,23,20,1.94,40.078,0.5,8,2.39,3.09,NR
CaF2,F,Morris_2020,MD,cubic,10,9,0.42,18.998403,0.5,4,2.39,3.09,NR
CaO,O,Caulfield_1995,TRCS,cubic,58,8,0.48,15.999,0.5,6,2.4,3.35,293
CaTiO3,Ca,Smith_2005,HARECXS,Pcmn,82,20,1.97,40.078,0.2,8,2.51,4.03,300
CaTiO3,Ti,Smith_2005,HARECXS,Pcmn,69,22,1.76,47.867,0.2,6,1.96,4.03,300
CaTiO3_2,O,Cooper_2001,TRCS,cubic,45,8,0.48,15.999,0.6,6,2.48,3.84,293
CaZrO3,O,Smith_2003,TRCS,cubic,53,8,0.48,15.999,0.6,6,2.653333333,4.14,293
CaZrO3,Zr,Smith_2003,TRCS,cubic,9.3,40,2.06,91.224,0.2,6,2.08,4.14,293
CaZrO3,Ca,Smith_2003,TRCS,cubic,21,20,1.94,40.078,0.2,12,2.94,4.14,293
CaZrTi2O7,O,Smith_2003,TRCS,triclinic,45,8,0.48,15.999,0.636363636,4,2.238333333,4.3,293
CaZrTi2O7,Ti,Smith_2003,TRCS,triclinic,15,22,1.76,47.867,0.181818182,6,2,4.3,293
CaZrTi2O7,Zr,Smith_2003,TRCS,triclinic,7.8,40,2.06,91.224,0.090909091,7,2.2,4.3,293
CaZrTi2O7,Ca,Smith_2003,TRCS,triclinic,18,20,1.94,40.078,0.090909091,8,2.515,4.3,293
CaZrTi2O7,O,Smith_2001,TRCS,triclinic,45,8,0.48,15.999,0.636363636,4,2.238333333,4.3,293
CaZrTi2O7_2,O,Veiller_2002,MD,C2/c ,15,8,0.48,15.999,0.636363636,4,2.18,4.4346,0
CaZrTi2O7_2,Ti,Veiller_2002,MD,C2/c ,43,22,1.76,47.867,0.181818182,6,1.95,4.4346,0
CaZrTi2O7_2,Zr,Veiller_2002,MD,C2/c ,48,40,2.06,91.224,0.090909091,7,2.16,4.4346,0
CaZrTi2O7_2,Ca,Veiller_2002,MD,C2/c ,25,20,1.94,40.078,0.090909091,8,2.43,4.4346,0
Cd,Cd,Maury_1971,RM,hcp,19,48,1.58,112.411,1,12,3.18,8.65,4.2
Cd,Cd,Karim_1978,HVEM,hcp,9.8,48,1.58,112.411,1,12,3.18,8.65,NR
CdS,S,Kulp_1960,RM,h,9,16,0.88,32.065,0.5,4,2.55,4.7,293
CdS,Cd,Kulp_1960,RM,h,7.3,48,1.61,112.411,0.5,4,2.55,4.7,293
CdSe,Cd,Kulp_1966,RM,h,6,48,1.61,112.411,0.5,4,2.66,5.48,77
CdSe,Se,Kulp_1966,RM,h,8.6,34,1.03,78.96,0.5,4,2.66,5.48,77
CdSe,Cd,Schulz_1967,RM,h,8.1,48,1.61,112.411,0.5,4,2.66,5.48,5
CdSe,Se,Schulz_1967,RM,h,8.6,34,1.03,78.96,0.5,4,2.66,5.48,5
CdTe,Te,Bryant_1968,PE,cubic,7.8,52,1.23,127.6,0.5,4,2.84,5.64,15
CdTe,Cd,Bryant_1968,PE,cubic,5.6,48,1.61,112.411,0.5,4,2.84,5.64,15
CeO2,O,Xiao_2012,AIMD,cubic,28.17,8,0.48,15.999,0.67,4,2.37,6.99,100
CeO2,Ce,Xiao_2012,AIMD,cubic,52.63,58,1.85,140.116,0.33,8,2.37,6.99,100
CeO2,O,Yasunaga_2008,HVTEM,cubic,33,8,0.48,15.999,0.67,4,2.37,6.99,650
CeO2,Ce,Yasunaga_2008,HVTEM,cubic,51,58,1.85,140.116,0.33,8,2.37,6.99,650
CeO2,O,Guglielmetti_2008,MD,cubic,27,8,0.48,15.999,0.67,4,2.37,6.99,30
CeO2,Ce,Guglielmetti_2008,MD,cubic,56,58,1.85,140.116,0.33,8,2.37,6.99,30
Co,Co,Maury_1969,RM,hcp,24,27,1.92,58.933195,1,12,2.47,8.9,7.2
Co,Co,Howe_1970,HVEM,hcp,27.8,27,1.92,58.933195,1,12,2.47,8.9,300
Co,Co,ASTME54,MD,hcp,40,27,1.92,58.933195,1,12,2.47,8.9,NR
Cr,Cr,ASTME54/Lucasson,MD,TBA,60,24,1.28,51.9961,1,8,2.57,7.19,NR
Cu,Cu,Iseler_1966,RM,fcc,19,29,1.4,63.546,1,12,2.53,8.96,4.2
Cu,Cu,Lucasson_1962,RM,fcc,22,29,1.4,63.546,1,12,2.53,8.96,20
Cu,Cu,Jung_1973,RM,fcc,29.66666667,29,1.4,63.546,1,12,2.53,8.96,4.2
Cu,Cu,Sosin_1965,AE,fcc,19,29,1.4,63.546,1,12,2.53,8.96,NR
Cu,Cu,Gibson_1960,MD,fcc,45.83333333,29,1.4,63.546,1,12,2.53,8.96,NR
Cu,Cu,Bauer_1964,RM,fcc,17.5,29,1.4,63.546,1,12,2.53,8.96,10
Cu,Cu,Kenik_1975,HVEM,fcc,24.66666667,29,1.4,63.546,1,12,2.53,8.96,
Cu,Cu,Corbett_1959,RM,fcc,22,29,1.4,63.546,1,12,2.53,8.96,10
Cu,Cu,Kamada_1964,RM,fcc,29,29,1.4,63.546,1,12,2.53,8.96,10
Cu,Cu,Yoshida_1980,HVEM,fcc,17.5,29,1.4,63.546,1,12,2.53,8.96,70
Cu,Cu,Yoshida_1980,HVEM,fcc,10.5,29,1.4,63.546,1,12,2.53,8.96,550
Cu,Cu,Wollenberger_1965,DR,fcc,15.32,29,1.4,63.546,1,12,2.53,8.96,NR
Cu,Cu,Yang_2021,AIMD,fcc,25,29,1.4,63.546,1,12,2.53,8.96,10
Cu,Cu,Yang_2021,MD,fcc,18,29,1.4,63.546,1,12,2.53,8.96,10
Cu,Cu,ASTME54,MD,fcc,30,29,1.4,63.546,1,12,2.53,8.96,NR
Cu3Au,Cu,Alamo_1983,RM,cubic,24,29,1.4,63.546,0.75,12,2.64,12.35,20
Cu3Au,Au,Alamo_1983,RM,cubic,18,79,1.74,196.96657,0.25,12,2.64,12.35,20
Cu3Au,Cu,Gao_1998,MD,cubic,27,29,1.4,63.546,0.75,12,2.64,12.35,0
Cu3Au,Au ,Gao_1998,MD,cubic,28,79,1.74,196.96657,0.25,12,2.64,12.35,0
CuAu,Cu,Bacon_Deng_1993,MD,tetragonal,47.3,29,1.4,63.546,0.5,8,2.7,14.86,0
CuAu,Au,Bacon_Deng_1993,MD,tetragonal,22,79,1.74,196.96657,0.5,8,2.7,14.86,0
CuAu,Cu,Alamo_1983,RM,tetragonal,24,29,1.4,63.546,0.5,8,2.7,14.86,20
CuAu,Au,Alamo_1983,RM,tetragonal,18,79,1.74,196.96657,0.5,8,2.7,14.86,20
CuTi,Ti,Zhu_1994,MD,TBA,78,22,1.87,47.867,0.5,5,2.6,6.55,NR
CuTi,Cu,Zhu_1994,MD,TBA,47,29,1.4,63.546,0.5,9,2.6,6.55,NR
Er2O3,Er,Kittiratanawasin_2008,MD,cubic,71.5,68,2.26,167.259,0.4,6,2.25,8.89,293
Er2O3,O,Kittiratanawasin_2008,MD,cubic,86.67,8,0.48,15.999,0.6,4,2.25,8.89,293
Fe,Fe,Lucasson_1962,RM,alpha,24,26,1.94,55.845,1,8,2.48,7.874,20
Fe,Fe,Lomer_1967,RM,alpha,25,26,1.94,55.845,1,8,2.48,7.874,25
Fe,Fe,Maury_1976,RM,alpha,22.33333333,26,1.94,55.845,1,8,2.48,7.874,5.5
Fe,Fe,Erginsoy_1964,MD,alpha,29.66666667,26,1.94,55.845,1,8,2.48,7.874,NR
Fe,Fe,Ackland_1997,MD,alpha,38.11538462,26,1.94,55.845,1,8,2.48,7.874,NR
Fe,Fe,Olsson_2016_1,AIMD,alpha,29,26,1.94,55.845,1,8,2.48,7.874,0
Fe,Fe,Olsson_2016_2,AIMD,alpha,32,26,1.94,55.845,1,8,2.48,7.874,0
Fe,Fe,Olsson_2016_3,MD,alpha,39,26,1.94,55.845,1,8,2.48,7.874,0
Fe,Fe,Nordlund_2006_1,MD,alpha,22,26,1.94,55.845,1,8,2.48,7.874,36
Fe,Fe,Nordlund_2006_2,MD,alpha,40,26,1.94,55.845,1,8,2.48,7.874,36
Fe,Fe,Nordlund_2006_3,MD,alpha,45,26,1.94,55.845,1,8,2.48,7.874,36
Fe,Fe,Nordlund_2006_4,MD,alpha,41,26,1.94,55.845,1,8,2.48,7.874,36
Fe,Fe,Nordlund_2006_5,MD,alpha,54,26,1.94,55.845,1,8,2.48,7.874,36
Fe,Fe,Nordlund_2006_6,MD,alpha,37,26,1.94,55.845,1,8,2.48,7.874,36
Fe,Fe,Nordlund_2006_7,MD,alpha,39,26,1.94,55.845,1,8,2.48,7.874,36
Fe,Fe,Nordlund_2006_8,MD,alpha,42,26,1.94,55.845,1,8,2.48,7.874,36
Fe,Fe,Nordlund_2006_9,MD,alpha,33,26,1.94,55.845,1,8,2.48,7.874,36
Fe,Fe,Nordlund_2006_10,MD,alpha,46,26,1.94,55.845,1,8,2.48,7.874,36
Fe,Fe,Nordlund_2006_11,MD,alpha,37,26,1.94,55.845,1,8,2.48,7.874,36
Fe,Fe,Nordlund_2006_12,MD,alpha,39,26,1.94,55.845,1,8,2.48,7.874,36
Fe,Fe,Björkas_2007_1,MD,alpha,67,26,1.94,55.845,1,8,2.48,7.874,0
Fe,Fe,Björkas_2007_2,MD,alpha,35,26,1.94,55.845,1,8,2.48,7.874,0
Fe,Fe,Björkas_2007_3,MD,alpha,37,26,1.94,55.845,1,8,2.48,7.874,0
Fe,Fe,Björkas_2007_4,MD,alpha,42,26,1.94,55.845,1,8,2.48,7.874,0
Fe,Fe,Björkas_2007_5,MD,alpha,40,26,1.94,55.845,1,8,2.48,7.874,0
Fe,Fe,Fu_2018,MD,alpha,30,26,1.94,55.845,1,8,2.48,7.874,300
Fe,Fe,Yang_2021,MD,alpha,18,26,1.94,55.845,1,8,2.48,7.874,10
Fe,Fe,Beeler_2016,MD,alpha,50,26,1.94,55.845,1,8,2.48,7.874,300
Fe,Fe,Beeler_2016,MD,alpha,57,26,1.94,55.845,1,8,2.48,7.874,500
Fe,Fe,Zolnikov_2015,MD,alpha,25,26,1.94,55.845,1,8,2.48,7.874,36
Fe,Fe,Tikhonchev_2017,MD,alpha,39,26,1.94,55.845,1,8,2.48,7.874,NR
Fe0.79Cr0.21,Fe,Fu_2018,MD,TBA,31,26,1.94,55.845,0.79,12,2.43,7.85,300
Fe0.79Cr0.21,Cr,Fu_2018,MD,TBA,31,24,1.66,51.9961,0.21,12,2.57,7.85,300
Fe0.82Cr0.18,Fe,Fu_2018,MD,TBA,31,26,1.94,55.845,0.82,12,2.43,7.85,300
Fe0.82Cr0.18,Cr,Fu_2018,MD,TBA,31,24,1.66,51.9961,0.18,12,2.57,7.85,300
Fe0.85Cr0.15,Fe,Makin_1977,HVEM,fcc,18,26,1.94,55.845,0.94,12,2.43,7.85,773.15
Fe0.85Cr0.15,Fe,Fu_2018,MD,TBA,28,26,1.94,55.845,0.85,12,2.43,7.85,300
Fe0.85Cr0.15,Cr,Fu_2018,MD,TBA,28,24,1.66,51.9961,0.15,12,2.57,7.85,300
Fe0.88Cr0.12,Fe,Fu_2018,MD,TBA,30,26,1.94,55.845,0.88,12,2.43,7.85,300
Fe0.88Cr0.12,Cr,Fu_2018,MD,TBA,30,24,1.66,51.9961,0.12,12,2.57,7.85,300
Fe0.91Cr0.09,Fe,Fu_2018,MD,TBA,32,26,1.94,55.845,0.91,12,2.43,7.85,300
Fe0.91Cr0.09,Cr,Fu_2018,MD,TBA,33,24,1.66,51.9961,0.09,12,2.57,7.85,300
Fe0.94Cr0.06,Fe,Fu_2018,MD,TBA,29,26,1.94,55.845,0.94,12,2.43,7.85,300
Fe0.94Cr0.06,Cr,Fu_2018,MD,TBA,30,24,1.66,51.9961,0.06,12,2.57,7.85,300
Fe0.97Cr0.03,Fe,Fu_2018,MD,TBA,32,26,1.94,55.845,0.97,12,2.43,7.85,300
Fe0.97Cr0.03,Cr,Fu_2018,MD,TBA,32,24,1.66,51.9961,0.03,12,2.57,7.85,300
Fe3B,Fe,Audouard_1982,RM,TBA,22,26,1.94,55.845,0.75,3,2.25,7.54,21
FeCr,Fe,Juslin_2007,MD,orthorhombic,19,26,1.94,55.845,0.5,12,2.43,7.85,36
FeCr,Cr,Juslin_2007,MD,orthorhombic,15,24,1.66,51.9961,0.5,12,2.57,7.85,36
FeCr,Fe,Juslin_2007,MD,orthorhombic,15,26,1.94,55.845,0.5,12,2.43,7.85,36
FeCr,Cr,Juslin_2007,MD,orthorhombic,21,24,1.66,51.9961,0.5,12,2.57,7.85,36
FeCu,Cu,Ackland_1997,MD,orthorhombic,39.4,29,1.4,63.546,0.5,8,2.485,8.38,0
Ga2O3,Ga,Tuttle_2022,AIMD,beta,28,31,1.36,69.723,0.4,5,2.01,5.89,0
Ga2O3,O,Tuttle_2022,AIMD,beta,14,8,0.48,15.999,0.6,4,2.01,5.89,0
GaAs,Ga,Chen_2017,MD,zinc-blende,13,31,1.36,69.723,0.5,4,2.49,5.05,0
GaAs,As,Chen_2017,MD,zinc-blende,13,33,1.14,74.9216,0.5,4,2.49,5.05,0
GaAs,Ga,Sayed_1995,MD,zinc-blende,15.1,31,1.36,69.723,0.5,4,2.49,5.05,0
GaAs,As,Sayed_1995,MD,zinc-blende,15.6,33,1.14,74.9216,0.5,4,2.49,5.05,0
GaAs,As,Pons_1981,DLTS,zinc-blende,9,33,1.14,74.9216,0.5,4,2.49,5.05,NR
GaAs,As,Pons_1980,DLTS,zinc-blende,10,33,1.14,74.9216,0.5,4,2.49,5.05,77
GaAs,Ga,Jiang_2018,AIMD,zinc-blende,20,31,1.36,69.723,0.5,4,2.49,5.05,NR
GaAs,As,Jiang_2018,AIMD,zinc-blende,11,33,1.14,74.9216,0.5,4,2.49,5.05,NR
GaAs,Ga,Jiang_2018,AIMD,TBA,15,31,1.36,69.723,0.25,4,2.47,4.375,NR
AlAs,As,Jiang_2018,AIMD,TBA,19,33,1.14,74.9216,0.5,4,2.47,4.375,NR
AlAs,Al,Jiang_2018,AIMD,TBA,18,13,1.43,26.9815,0.25,4,2.47,4.375,NR
GaN,Ga,Gao_2011,AIMD,wurtzite,73.2,31,1.36,69.723,0.5,4,1.96,6.08,100
GaN,N,Gao_2011,AIMD,wurtzite,32.4,7,0.56,14.0067,0.5,4,1.96,6.08,100
GaN,Ga,Ionascut-Nedelcescu_2002,PE,wurtzite,19,31,1.36,69.723,0.5,4,1.96,6.08,293
GaN,Ga,Xiao_2009,AIMD,wurtzite,73,31,1.36,69.723,0.5,4,1.96,6.08,NR
GaN,N,Xiao_2009,AIMD,wurtzite,32,7,0.56,14.0067,0.5,4,1.96,6.08,NR
GaN,Ga,Nord_2003,MD,wurtzite,45,31,1.36,69.723,0.5,4,1.96,6.08,NR
GaN,N,Nord_2003,MD,wurtzite,109,7,0.56,14.0067,0.5,4,1.96,6.08,NR
Gd2Ti2O7,Gd,Devanathan_2005,MD,bcc,84,64,2.33,157.25,0.18,8,2.44,6.56,30
Gd2Ti2O7,Ti,Devanathan_2005,MD,bcc,205,22,1.87,47.867,0.18,6,1.97,6.56,30
Gd2Ti2O7,O,Devanathan_2005,MD,bcc,52,8,0.48,15.999,0.64,4,2.24,6.56,30
Gd2Ti2O7,Gd,Wang_2013,AIMD,bcc,42,64,2.33,157.25,0.18,8,2.44,6.56,NR
Gd2Ti2O7,O,Wang_2013,AIMD,bcc,19.5,8,0.48,15.999,0.64,4,2.24,6.56,NR
Gd2Ti2O7,Gd,Devanathan_2010,MD,bcc,84,64,2.33,157.25,0.18,8,2.44,6.56,300
Gd2Ti2O7,Ti,Devanathan_2010,MD,bcc,205,22,1.87,47.867,0.18,6,1.97,6.56,300
Gd2Ti2O7,O,Devanathan_2010,MD,bcc,52,8,0.48,15.999,0.64,4,2.24,6.56,300
Gd2Zr2O7,Gd,Devanathan_2005,MD,bcc,72,64,2.33,157.25,0.18,8,2.48,6.84,30
Gd2Zr2O7,Zr,Devanathan_2005,MD,bcc,121,40,2.06,91.224,0.18,6,2.09,6.84,30
Gd2Zr2O7,O,Devanathan_2005,MD,bcc,52,8,0.48,15.999,0.64,4,2.32,6.84,30
Gd2Zr2O7,Gd,Wang_2013,AIMD,bcc,39,64,2.33,157.25,0.18,8,2.48,6.84,NR
Gd2Zr2O7,Zr,Wang_2013,AIMD,bcc,41,40,2.06,91.224,0.18,6,2.09,6.84,NR
Gd2Zr2O7,O,Wang_2013,AIMD,bcc,18,8,0.48,15.999,0.64,4,2.32,6.84,NR
Gd2Zr2O7,Gd,Devanathan_2010,MD,bcc,72,64,2.33,157.25,0.18,8,2.48,6.84,300
Gd2Zr2O7,Zr,Devanathan_2010,MD,bcc,121,40,2.06,91.224,0.18,6,2.09,6.84,300
Gd2Zr2O7,O,Devanathan_2010,MD,bcc,41,8,0.48,15.999,0.64,4,2.32,6.84,300
GdBa2Cu3O7,Gd,Makletsov_1994,PE,delta,150,64,2.33,157.25,0.08,8,2.44,6.78,
Ge,Ge,Loferski_1958,RM,bcc,14.5,32,2.11,72.64,1,4,2.46,5.323,300
Ge,Ge,Holström_2010,AIMD,bcc,21,32,2.11,72.64,1,4,2.46,5.323,NR
Ge,Ge,Poulin_1980,RM,bcc,20,32,2.11,72.64,1,4,2.46,5.323,293
HfO2,O,Wang_2019,MD,m,14,8,0.48,15.999,0.67,4,2.14,10.63,293
Ir,Ir,Gely_1983,RM,cubic,46,77,1.8,192.217,1,12,2.73,22.56,35
KCl,K,Torrens_1967,MD,cubic,27.5,19,2.43,39.0983,0.5,6,3.14,2,331
KCl,Cl,Torrens_1966,MD,cubic,28,17,0.79,35.453,0.5,6,3.14,2,NR
La2Zr2O7,O,Smith_2003,TRCS,Fd-3m,47,8,0.48,15.999,0.636363636,4,2.45125,6.02,293
La2Zr2O7,La,Smith_2003,TRCS,Fd-3m,5.4,57,1.95,138.90547,0.181818182,8,2.565,6.02,293
La2Zr2O7,Zr,Smith_2003,TRCS,Fd-3m,8.2,40,2.06,91.224,0.181818182,6,2.11,6.02,293
La2Zr2O7,O,Chartier_2003,MD,Fd-3m,49.33333333,8,0.48,15.999,0.636363636,4,2.45125,6.02,350
La2Zr2O7,La,Chartier_2003,MD,Fd-3m,153,57,1.95,138.90547,0.181818182,8,2.565,6.02,350
La2Zr2O7,Zr,Chartier_2003,MD,Fd-3m,188,40,2.06,91.224,0.181818182,6,2.11,6.02,350
LaPO4,La,Ji_2017,MD,TBA,56,57,1.95,138.90547,0.17,9,2.64,5.07,300
LaPO4,P,Ji_2017,MD,TBA,75,15,0.98,30.973762,0.17,4,1.54,5.07,300
LaPO4,O,Ji_2017,MD,TBA,8,8,0.48,15.999,0.66,4,2.1,5.07,300
Li2TiO3,Li,RajanSahoo_2021,MD,beta,12,3,1.67,6.941,0.3,6,2.13,3.46,NR
Li2TiO3,Ti,RajanSahoo_2021,MD,beta,31.3,22,1.87,47.867,0.2,6,1.96,3.46,NR
Li2TiO3,O,RajanSahoo_2021,MD,beta,58.7,8,0.48,15.999,0.5,6,2.04,3.46,NR
LiAlO2,Li,Tsuchihira_2013,MD,alpha,33,3,1.67,6.941,0.25,6,2.09,3.44,0
LiAlO2,O,Tsuchihira_2013,MD,alpha,80,8,0.48,15.999,0.5,6,2,3.44,0
LiAlO2,Al,Tsuchihira_2013,MD,alpha,78,13,1.43,26.9815,0.25,6,1.91,3.44,0
LiAlO2,Li,Tsuchihira_2013,MD,beta,29,3,1.67,6.941,0.25,4,3,2.53,0
LiAlO2,O,Tsuchihira_2013,MD,TBA,39,8,0.48,15.999,0.5,4,3,2.53,0
LiAlO2,Al,Tsuchihira_2013,MD,TBA,75,13,1.43,26.9815,0.25,4,3,2.53,0
LiAlO2,Li,Tsuchihira_2013,MD,gamma,22,3,1.67,6.941,0.25,4,1.98,4.59,0
LiAlO2,O,Tsuchihira_2013,MD,gamma,37,8,0.48,15.999,0.5,4,1.87,4.59,0
LiAlO2,Al,Tsuchihira_2013,MD,gamma,84,13,1.43,26.9815,0.25,4,1.76,4.59,0
LiF,Li,Herrmann_1974,MD,TBA,1.64,3,1.67,6.941,0.5,6,2.04,2.53,77
LiFe5O8,Fe,Tan_2021,AIMD,TBA,31.6,26,1.94,55.845,0.36,5,2,4.5,0
LiFe5O8,Li,Tan_2021,AIMD,TBA,38.9,3,1.67,6.941,0.07,6,2.13,4.5,0
LiFe5O8,O,Tan_2021,AIMD,TBA,34.6,8,0.48,15.999,0.57,4,2.07,4.5,0
LiNbO3,O,Hodgson_1988,OAL,TBA,53,8,0.48,15.999,0.6,3,2.1,4.39,288
Lu,Lu,Daou_1977,RM,h,17,71,2.17,174.967,1,12,3.46,9.841,4.15
Mg,Mg,O'Neal_1972,HVEM,hcp,10,12,1.6,24.305,1,12,3.17,1.738,4.2
Mg,Mg,Faust_1969,HVEM,hcp,10,12,1.6,24.305,1,12,3.17,1.738,4.2
Mg,Mg,Karim_1978,HVEM,hcp,11,12,1.6,24.305,1,12,3.17,1.738,NR
Mg,Mg,Hossain_1977,HVEM,hcp,11.33333333,12,1.6,24.305,1,12,3.17,1.738,293
MgAl2O4,Mg,Williford_1988,MD,spinel,60,12,1.73,24.305,0.142857143,4,1.94,3.58,NR
MgAl2O4,Al,Williford_1988,MD,spinel,51,13,1.84,26.9815,0.285714286,6,1.92,3.58,NR
MgAl2O4,O,Williford_1988,MD,spinel,46.2,8,0.48,15.999,0.571428571,4,1.92,3.58,NR
MgAl2O4,O,Summers_1980,TRCS,spinel,59,8,0.48,15.999,0.571428571,4,1.92,3.58,77
MgO,O,Williford_1998,MD,cubic,41.5,8,0.48,15.999,0.5,6,2.1,3.63,NR
MgO,Mg,Williford_1998,MD,cubic,47.5,12,1.6,24.305,0.5,6,2.1,3.63,NR
MgO,O,Pells_1982,HVEM,cubic,53,8,0.48,15.999,0.5,6,2.1,3.63,293
MgO,Mg,Pells_1982,HVEM,cubic,60,12,1.6,24.305,0.5,6,2.1,3.63,293
MgO,O,Youngman_1980,HVEM,cubic,91,8,0.48,15.999,0.5,6,2.1,3.63,300
MgO,Mg,Youngman_1980,HVEM,cubic,61,12,1.6,24.305,0.5,6,2.1,3.63,300
MgO,O,Youngman_1980,HVEM,cubic,51,8,0.48,15.999,0.5,6,2.1,3.63,1000
MgO,Mg,Youngman_1980,HVEM,cubic,34,12,1.6,24.305,0.5,6,2.1,3.63,1000
MgO,O,Chen_1970,HVEM,cubic,60,8,0.48,15.999,0.5,6,2.1,3.63,78
MgO,O,Sharp_1973,HVEM,cubic,97,8,0.48,15.999,0.5,6,2.1,3.63,293
MgO,Mg,Sharp_1973,HVEM,cubic,64,12,1.6,24.305,0.5,6,2.1,3.63,293
MgO,O,Park_2000,MD,cubic,63.4,8,0.48,15.999,0.5,6,2.1,3.63,10
MgO,Mg,Park_2000,MD,cubic,115,12,1.6,24.305,0.5,6,2.1,3.63,10
MgO,O,Kittiratanawasin_2010,MD,cubic,92,8,0.48,15.999,0.5,6,2.1,3.63,0
MgO,Mg,Kittiratanawasin_2010,MD,cubic,88,12,1.6,24.305,0.5,6,2.1,3.63,0
MgO,O,Petersen_2017,AIMD,cubic,68,8,0.48,15.999,0.5,6,2.1,3.63,0
MgO,Mg,Petersen_2017,AIMD,cubic,82,12,1.6,24.305,0.5,6,2.1,3.63,0
MgO,O,Sonoda_1995(Park_2000),MD,cubic,168,8,0.48,15.999,0.5,6,2.1,3.63,NR
MgO,Mg,Sonoda_1995(Park_2000),MD,cubic,183,12,1.6,24.305,0.5,6,2.1,3.63,NR
MgO,O,Caufield_1995,luminiscense,cubic,55,8,0.48,15.999,0.5,6,2.1,3.63,NR
MgO,Mg,Caufield_1995,luminiscense,cubic,52,12,1.6,24.305,0.5,6,2.1,3.63,NR
Mn,Mn,ASTME54,MD,TBA,40,25,1.4,54.938044,1,16,2.84,7.26,NR
Mo,Mo,Lucasson_1962,RM,bcc,37,42,2.09,95.95,1,8,2.74,10.28,20
Mo,Mo,Biget_1974,DR,bcc,36,42,2.09,95.95,1,8,2.74,10.28,4.2
Mo,Mo,Maury_1975,MD,bcc,40,42,2.09,95.95,1,8,2.74,10.28,4.2
Mo,Mo,Paisanot_2002_1,MD,bcc,49,42,2.09,95.95,1,8,2.74,10.28,300
Mo,Mo,Paisanot_2002_2,MD,bcc,42,42,2.09,95.95,1,8,2.74,10.28,300
Mo,Mo,Zag_1983,HVEM,bcc,34,42,2.09,95.95,1,8,2.74,10.28,69
Mo,Mo,Zag_1983,HVEM,bcc,34,42,2.09,95.95,1,8,2.74,10.28,107
Mo,Mo,Zag_1983,HVEM,bcc,34,42,2.09,95.95,1,8,2.74,10.28,149
Mo,Mo,Zag_1983,HVEM,bcc,33,42,2.09,95.95,1,8,2.74,10.28,199
Mo,Mo,Zag_1983,HVEM,bcc,32,42,2.09,95.95,1,8,2.74,10.28,246
Mo,Mo,Zag_1983,HVEM,bcc,30,42,2.09,95.95,1,8,2.74,10.28,297
Mo,Mo,Zag_1983,HVEM,bcc,28,42,2.09,95.95,1,8,2.74,10.28,496
Mo,Mo,Zag_1983,HVEM,bcc,27,42,2.09,95.95,1,8,2.74,10.28,668
Mo,Mo,Zag_1983,HVEM,bcc,26,42,2.09,95.95,1,8,2.74,10.28,800
Mo,Mo,Phillipp_1979,HVEM,bcc,27,42,2.09,95.95,1,8,2.74,10.28,300
Mo,Mo,Banisalman_2019,MD,bcc,38,42,2.09,95.95,1,8,2.74,10.28,NR
MoZr,Mo,Jung_1975,RM,bcc,34,42,2.09,95.95,1,8,2.74,10.02,4.5
MoSi2,Mo,Zhang_2002,E,tetragonal,36,42,2.09,95.95,0.33,10,2.61,6.29,NR
MoSi2,Si,Zhang_2002,E,tetragonal,26,14,2.1,28.0855,0.67,10,2.62,6.29,NR
NaCl,Na,Torrens_1967,MD,cubic,80,11,1.9,22.989769,0.5,6,2.79,2.22,331
NaCl,Cl,Torrens_1967,MD,cubic,22.5,17,0.79,35.453,0.5,6,2.79,2.22,331
NaCl,Na,Kittiratanawasin_2010,MD,cubic,28,11,1.9,22.989769,0.5,6,2.79,2.22,0
NaCl,Cl,Kittiratanawasin_2010,MD,cubic,41,17,0.79,35.453,0.5,6,2.79,2.22,0
Nb,Nb,Youngblood_1969,RM,bcc,36,41,2.07,92.90638,1,8,2.87,8.57,24
Nb,Nb,Yang_2021,AIMD,bcc,28,41,2.07,92.90638,1,8,2.87,8.57,NR
Nb,Nb,Yang2021,MD,bcc,20,41,2.07,92.90638,1,8,2.87,8.57,NR
Nb,Nb,Phillipp_1979,HVEM,bcc,24,41,2.07,92.90638,1,8,2.87,8.57,300
Nb,Nb,Lin_2017,MD,bcc,41,41,2.07,92.90638,1,8,2.87,8.57,50
Nb,Nb,Lin_2017,MD,bcc,40,41,2.07,92.90638,1,8,2.87,8.57,300
Nb,Nb,Lin_2017,MD,bcc,39,41,2.07,92.90638,1,8,2.87,8.57,600
NbZr,Nb,Jung_1975,RM,bcc,28,41,2.07,92.906,1,8,2.87,8.45,4.5
Nb3Ge,Ge,Rullier-Albenque_1981,RM,TBA,15,32,1.25,72.64,0.25,12,2.89,8.44,20
Nb3Ge,Nb,Rullier-Albenque_1981,RM,TBA,19,41,1.98,92.90638,0.75,6,2.79,8.44,20
Ni,Ni,Lucasson_1962,RM,fcc,24,28,1.63,58.6934,1,12,2.46,8.908,20
Ni,Ni,Gao_1993,MD,fcc,38,28,1.63,58.6934,1,12,2.46,8.908,0
Ni,Ni,Liu_2015,AIMD,fcc,32,28,1.63,58.6934,1,12,2.46,8.908,0
Ni,Ni,Dimitrov_1994,RM,fcc,22,28,1.63,58.6934,1,12,2.46,8.908,23
Ni,Ni,Yang_2021,AIMD,fcc,27,28,1.63,58.6934,1,12,2.46,8.908,10
Ni,Ni,Yang_2021,MD,fcc,74,28,1.63,58.6934,1,12,2.46,8.908,10
NiAl10,Al,Dimitrov_1994,RM,cubic,22,13,1.84,26.9815,0.1,12,2.46,9.29,NR
NiAl10,Ni,Dimitrov_1994,RM,cubic,24,28,1.63,58.6934,0.9,12,2.46,9.29,NR
NiAl6,Al,Dimitrov_1994,RM,cubic,22,13,1.84,26.9815,0.06,12,2.46,9.29,21
NiAl6,Ni,Dimitrov_1994,RM,cubic,23,28,1.63,58.6934,0.94,12,2.46,9.29,21
Ni3Al,Ni,Dimitrov_1994,RM,cubic,24,28,1.63,58.6934,0.75,12,2.49,7.71,21
Ni3Al,Al,Dimitrov_1994,RM,cubic,30,13,1.43,26.9815,0.25,12,2.49,7.71,21
Ni3Al,Ni,Caro_1990,MD,cubic,37.27,28,1.63,58.6934,0.75,12,2.49,7.71,NR
Ni3Al,Al,Caro_1990,MD,cubic,75,13,1.43,26.9815,0.25,12,2.49,7.71,NR
Ni3Al,Ni,Gao_1995,MD,cubic,36,28,1.63,58.6934,0.75,12,2.49,7.71,100
Ni3Al,Al,Gao_1995,MD,cubic,44,13,1.43,26.9815,0.25,12,2.49,7.71,100
Ni3Al,Ni,Gao_1993,MD,cubic,34,28,1.63,58.6934,0.75,12,2.49,7.71,0
Ni3Al,Al,Gao_1993,MD,cubic,46,13,1.43,26.9815,0.25,12,2.49,7.71,0
Ni3Al,Ni,Bacon_Deng_1993,MD,cubic,42.46,28,1.63,58.6934,0.75,12,2.49,7.71,0
Ni3Al,Al,Bacon_Deng_1993,MD,cubic,49,13,1.43,26.9815,0.25,12,2.49,7.71,0
NiCo,Ni,Liu_2015,AIMD,cubic,35.67,28,1.63,58.6934,0.5,8,2.43,8.88,0
NiCo,Co,Liu_2015,AIMD,cubic,38,27,1.92,58.933195,0.5,8,2.43,8.88,0
Pb,Pb,Urban_1974,HVEM,cubic,7.5,82,1.54,207.2,1,12,3.53,11.34,86.5
Pb,Pb,ASTME54,MD,cubic,25,82,1.54,207.2,1,12,3.53,11.34,NR
Pd,Pd,Jimenez_1967,RM,hcp,34,46,2.02,106.42,1,12,2.77,12.023,9
Pt,Pt,Lowe_1966,CSS,cubic,37,78,1.77,195.084,1,12,2.79,21.45,NR
Si,Si,Loferski_1958,RM,bcc,12.9,14,2.1,28.0855,1,12,2.7,2.33,300
Si,Si,Hemment_1969,RM,fcc,22,14,2.1,28.0855,1,12,2.7,2.33,245
Si,Si,Windl_1998,MD,beta,13,14,2.1,28.0855,1,12,2.7,2.33,0
Si,Si,Windl_1998,MD,beta,11,14,2.1,28.0855,1,12,2.7,2.33,0
Si,Si,Windl_1998,MD,beta,15.7,14,2.1,28.0855,1,12,2.7,2.33,0
Si,Si,Sayed_1995,MD,beta,15.75,14,2.1,28.0855,1,12,2.7,2.33,0
Si,Si,Mazzarolo_2001,MD,beta,20.33,14,2.1,28.0855,1,12,2.7,2.33,0
Si,Si,Mazzarolo_2001,MD,beta,11.42,14,2.1,28.0855,1,12,2.7,2.33,0
Si,Si,Mazzarolo_2001,MD,beta,15.08,14,2.1,28.0855,1,12,2.7,2.33,0
Si,Si,Mazzarolo_2001,MD,beta,12.25,14,2.1,28.0855,1,12,2.7,2.33,0
Si,Si,Miller_1994,MD,fcc,15.6,14,2.1,28.0855,1,12,2.7,2.33,NR
Si,Si,Holmström_2008,AIMD,fcc,24,14,2.1,28.0855,1,12,2.7,2.33,NR
Si,Si,Uhlmann_1997,MD,fcc,23,14,2.1,28.0855,1,12,2.7,2.33,NR
Si,Si,Holmström_2009,AIMD,fcc,23,14,2.1,28.0855,1,12,2.7,2.33,NR
Si,Si,Holmström_2009,MD,fcc,20,14,2.1,28.0855,1,12,2.7,2.33,NR
Si,Si,Holmström_2009,MD,fcc,18,14,2.1,28.0855,1,12,2.7,2.33,NR
Si,Si,Holmström_2009,MD,fcc,13,14,2.1,28.0855,1,12,2.7,2.33,NR
SiC,C,Lucas_2005,AIMD,zincblende,19,6,0.67,12.011,0.5,4,1.89,3.23,NR
SiC,Si,Lucas_2005,AIMD,3C,38,14,2.1,28.0855,0.5,4,1.89,3.23,NR
SiC,C,Gao_2009,AIMD,beta,25.5,6,0.67,12.011,0.5,4,1.89,3.23,100
SiC,Si,Gao_2009,AIMD,beta,46.2,14,2.1,28.0855,0.5,4,1.89,3.23,100
SiC,C,Devanathan_1998,MD,beta,49.5,6,0.67,12.011,0.5,4,1.89,3.23,150
SiC,Si,Devanathan_1998,MD,beta,74.5,14,2.1,28.0855,0.5,4,1.89,3.23,150
SiC,Si,Honstvet_1980,HVEM,beta,66,14,2.1,28.0855,0.5,4,1.89,3.23,NR
SiC,Si,Inui_1990,HVEM,alpha,97,14,2.1,28.0855,0.5,4,1.89,3.23,220
SiC,C,Barry_1991,PE,6-H,21.8,6,0.67,12.011,0.5,4,1.89,3.23,293
SiC,C,El-azab_1992,MD,beta,16.3,6,0.67,12.011,0.5,4,1.89,3.23,55
SiC,Si,El-azab_1992,MD,beta,92.6,14,2.1,28.0855,0.5,4,1.89,3.23,55
SiC,C,Wong_1994,MD,beta,36.25,6,0.67,12.011,0.5,4,1.89,3.23,10
SiC,Si,Wong_1994,MD,beta,48.75,14,2.1,28.0855,0.5,4,1.89,3.23,10
SiC,C,Devanathan_2000,MD,beta,37,6,0.67,12.011,0.5,4,1.89,3.23,300
SiC,Si,Devanathan_2000,MD,beta,73,14,2.1,28.0855,0.5,4,1.89,3.23,300
SiC,C,Devanathan_2000,MD,alpha,31,6,0.67,12.011,0.5,4,1.89,3.23,300
SiC,Si,Devanathan_2000,MD,alpha,75,14,2.1,28.0855,0.5,4,1.89,3.23,300
SiC,C,Jiang_1999,HVEM,alpha,33,6,0.67,12.011,0.5,4,1.89,3.23,185
SiC,C,Windl_1998,MD,beta,27.5,6,0.67,12.011,0.5,4,1.89,3.23,0
SiC,Si,Windl_1998,MD,beta,36.9,14,2.1,28.0855,0.5,4,1.89,3.23,0
SiC,C,Windl_1998,MD,beta,13.33,6,0.67,12.011,0.5,4,1.89,3.23,0
SiC,Si,Windl_1998,MD,beta,77,14,2.1,28.0855,0.5,4,1.89,3.23,0
SiC,C,Windl_1998,MD,beta,22.375,6,0.67,12.011,0.5,4,1.89,3.23,0
SiC,Si,Windl_1998,MD,beta,49.5,14,2.1,28.0855,0.5,4,1.89,3.23,0
SiC,C,Liu_2023,MD,beta,22.75,6,0.67,12.011,0.5,4,1.89,3.23,300
SiC,Si,Liu_2023,MD,beta,36.75,14,2.1,28.0855,0.5,4,1.89,3.23,300
SiC,C,Liu_2023,MD,beta,30.25,6,0.67,12.011,0.5,4,1.89,3.23,300
SiC,Si,Liu_2023,MD,beta,39.5,14,2.1,28.0855,0.5,4,1.89,3.23,300
SiC,C,Liu_2023,MD,beta,14.5,6,0.67,12.011,0.5,4,1.89,3.23,300
SiC,Si,Liu_2023,MD,beta,22,14,2.1,28.0855,0.5,4,1.89,3.23,300
SiC,C,Liu_2023,MD,beta,25.75,6,0.67,12.011,0.5,4,1.89,3.23,300
SiC,Si,Liu_2023,MD,beta,28.63,14,2.1,28.0855,0.5,4,1.89,3.23,300
SiC,C,Liu_2023,MD,beta,65.25,6,0.67,12.011,0.5,4,1.89,3.23,300
SiC,Si,Liu_2023,MD,beta,33.25,14,2.1,28.0855,0.5,4,1.89,3.23,300
SiC,C,Liu_2023,MD,beta,15.5,6,0.67,12.011,0.5,4,1.89,3.23,300
SiC,Si,Liu_2023,MD,beta,32,14,2.1,28.0855,0.5,4,1.89,3.23,300
SiC,C,Perlado_1997,MD,beta,31.67,6,0.67,12.011,0.5,4,1.89,3.23,NR
SiC,Si,Perlado_1997,MD,beta,45,14,2.1,28.0855,0.5,4,1.89,3.23,NR
SiC,C,Perlado_2000,MD,beta,42.63,6,0.67,12.011,0.5,4,1.89,3.23,300
SiC,Si,Perlado_2000,MD,beta,72.5,14,2.1,28.0855,0.5,4,1.89,3.23,300
SiC,C,Devanathan_2001,MD,beta,36.96,6,0.67,12.011,0.5,4,1.89,3.23,300
SiC,Si,Devanathan_2001,MD,beta,73.42,14,2.1,28.0855,0.5,4,1.89,3.23,300
SiC,C,Malerba_2000,MD,beta,37.25,6,0.67,12.011,0.5,4,1.89,3.23,300
SiC,Si,Malerba_2000,MD,beta,55.88,14,2.1,28.0855,0.5,4,1.89,3.23,300
SiC,Si,Lefevre_2009,PE,beta,25,14,2.1,28.0855,0.5,4,1.89,3.23,293
SiC,C,Wu_1994,MD,beta,55,6,0.67,12.011,0.5,4,1.89,3.23,NR
SiC,Si,Hudson_1973,TEM,beta,110,14,2.1,28.0855,0.5,4,1.89,3.23,890
SiO2,O,Mota_2004,MD,TBA,30,8,0.48,15.999,0.67,2,1.6,2.63,NR
SiO2,O,Wang_2015,MD,TBA,29,8,0.48,15.999,0.67,2,1.6,2.63,0
SiO2,Si,Wang_2015,MD,TBA,71,14,1.11,28.0855,0.33,4,1.6,2.63,0
SiO2,O,Arnold_1965,OAL,quartz,32.5,8,0.48,15.999,0.67,2,1.6,2.63,77
SiO2,Si,Arnold_1965,OAL,quartz,20,14,1.11,28.0855,0.33,4,1.6,2.63,77
SmS,Sm,Lesueur_1983,CSA,TBA,20,62,2.38,150.36,0.5,5,2.8,3.7,21
SmS,S,Lesueur_1983,CSA,TBA,90,16,0.88,32.065,0.5,5,2.8,3.7,21
Sn,Sn,Mcilwain_1975,RM,beta,22,50,1.45,118.71,1,6,3.1,7.31,4.2
SrO,Sr,Kittiratanawasin_2010,MD,cubic,49,38,2.19,87.62,0.5,6,2.58,4.99,0
SrO,O,Kittiratanawasin_2010,MD,cubic,67,8,0.48,15.999,0.5,6,2.58,4.99,0
SrTiO3,O,Thomas_2007,MD,cubic,50,8,0.48,15.999,0.6,6,2.5,5.0368915,300
SrTiO3,Sr,Thomas_2007,MD,cubic,70,38,2.19,87.62,0.2,12,2.77,5.0368915,300
SrTiO3,Ti,Thomas_2007,MD,cubic,140,22,1.76,47.867,0.2,6,1.96,5.0368915,300
SrTiO3,O,Liu_2013,AIMD,cubic,36,8,0.48,15.999,0.6,6,2.5,5.058122462,0
SrTiO3,Sr,Liu_2013,AIMD,cubic,54,38,2.19,87.62,0.2,12,2.77,5.058122462,0
SrTiO3,O,Cooper_2001,TRCS,cubic,45,8,0.48,15.999,0.6,6,2.5,5.058122462,293
Ta,Ta,Meissner_1971,RM,bcc,32,73,2.17,180.94788,1,8,2.87,16.65,4.5
Ta,Ta,Jung_1972,RM,bcc,44.5,73,2.17,180.94788,1,8,2.87,16.65,293
Ta,Ta,Youngblood_1969,RM,bcc,32,73,2.17,180.94788,1,8,2.87,16.65,6
Ta,Ta,Salman_2023,MD,bcc,60,73,2.17,180.94788,1,8,2.87,16.65,0
Ta,Ta,Saile_1985,HVEM,bcc,22,73,2.17,180.94788,1,8,2.87,16.65,51
Ta,Ta,Saile_1985,HVEM,bcc,21,73,2.17,180.94788,1,8,2.87,16.65,105
Ta,Ta,Saile_1985,HVEM,bcc,19,73,2.17,180.94788,1,8,2.87,16.65,150
Ta,Ta,Saile_1985,HVEM,bcc,19,73,2.17,180.94788,1,8,2.87,16.65,190
Ta,Ta,Saile_1985,HVEM,bcc,18,73,2.17,180.94788,1,8,2.87,16.65,279
Ta,Ta,Phillipp_1979,HVEM,bcc,18,73,2.17,180.94788,1,8,2.87,16.65,300
Ta,Ta,Biget_1979,RM,bcc,45.5,73,2.17,180.94788,1,8,2.87,16.65,5
Ta0.70W0.30,Ta,Salman_2023,MD,TBA,68,73,2,180.94788,0.7,4,2.78,17.99,0
Ta0.75W0.25,Ta,Salman_2023,MD,TBA,72,73,2,180.94788,0.75,4,2.78,17.99,0
Ta0.80W0.20,Ta,Salman_2023,MD,TBA,76,73,2,180.94788,0.8,4,2.78,17.99,0
Ta0.85W0.15,Ta,Salman_2023,MD,TBA,70,73,2,180.94788,0.85,4,2.78,17.99,0
Ta0.90W0.10,Ta,Salman_2023,MD,TBA,65,73,2,180.94788,0.9,4,2.78,17.99,0
Ta0.95W0.05,Ta,Salman_2023,MD,TBA,50,73,2,180.94788,0.95,4,2.78,17.99,0
TaC,Ta,Gosset_1991,RM,cubic,42,73,2,180.94788,0.5,6,2.23,14.37,21
TaC,C,Gosset_1991,RM,cubic,28,6,0.67,12.011,0.5,6,2.23,14.37,21
TaC,C,Allison_1988,RM,cubic,23,6,0.67,12.011,0.5,6,2.23,14.37,293
TaC,Ta,Lesueur_1983,CSA,cubic,25,73,2,180.94788,0.5,6,2.23,14.37,21
TaC,C,Lesueur_1983,CSA,cubic,4,6,0.67,12.011,0.5,6,2.23,14.37,21
TaC0.8,Ta,Gosset_1991,RM,cubic,32,73,2,180.94788,0.65,6,2.23,14.37,21
TaC0.8,C,Gosset_1991,RM,cubic,28,6,0.67,12.011,0.45,6,2.23,14.37,21
TaS2,S,Lesueur_1983,CSA,TBA,14,16,0.88,32.065,0.67,3,2.47,6.66,21
TaS3,Ta,Lesueur_1983,CSA,TBA,16,73,2.17,180.94788,0.25,8,2.53,5.88,21
Th,Th,Guinan_1973,RM,cubic,35,90,1.8,232.03806,1,12,3.57,11.724,10
ThO2,O,Xiao_2012,AIMD,cubic,25.17,8,0.48,15.999,0.67,4,2.43,9.98,100
ThO2,Th,Xiao_2012,AIMD,cubic,54.5,90,1.8,232.03806,0.33,8,2.43,9.98,100
Ti,Ti,Lucasson_1962,RM,hcp,29,22,1.87,47.867,1,14,2.99,4.507,NR
Ti,Ti,Shirley_1972,RM,hcp,19,22,1.87,47.867,1,14,2.99,4.507,293
Ti,Ti,Bacon_1993,MD,hcp,29,22,1.87,47.867,1,14,2.99,4.507,0
Ti,Ti,Wooding_1994,MD,hcp,31,22,1.87,47.867,1,14,2.99,4.507,100
Ti,Ti,Karim_1978,HVEM,hcp,22.3,22,1.87,47.867,1,14,2.99,4.507,NR
Ti,Ti,Yang_2021,AIMD,hcp,23,22,1.87,47.867,1,14,2.99,4.507,NR
Ti,Ti,Yang_2021,MD,hcp,12,22,1.87,47.867,1,14,2.99,4.507,NR
Ti3SiC2,Ti,Liu_2016,AIMD,hexagonal,26,22,1.87,47.867,0.5,6,2.4,4.5,0
Ti3SiC2,Si,Liu_2016,AIMD,hexagonal,31,14,2.1,28.0855,0.17,6,2.7,4.5,0
Ti3SiC2,C,Liu_2016,AIMD,hexagonal,28,6,0.67,12.011,0.33,6,2.19,4.5,0
TiAl,Ti,Wang_1997,MD,cubic,27.5,22,1.87,47.867,0.5,8,2.75,3.87,NR
TiAl,Al,Wang_1997,MD,cubic,34.08,13,1.43,26.9815,0.5,8,2.75,3.87,NR
TiO2,O,Smith_2001,TRCS,rutile,39,8,0.48,15.999,0.666666667,3,1.96,4.24,293
TiO2,O,Thomas_2005,MD,rutile,40,8,0.48,15.999,0.666666667,3,1.96,4.24,160
TiO2,Ti,Thomas_2005,MD,rutile,105,22,1.76,47.867,0.333333333,6,1.96,4.24,160
TiO2,Ti,Buck_1995,HVEM,rutile,49.16666667,22,1.76,47.867,0.333333333,6,1.96,4.24,293
TiO2,O,Richardson_1983,MD,rutile,40,8,0.48,15.999,0.666666667,3,1.96,4.24,NR
TiO2,Ti,Richardson_1983,MD,rutile,65,22,1.76,47.867,0.333333333,6,1.96,4.24,NR
TiO2,O,Robinson_2012,MD,rutile,19,8,0.48,15.999,0.666666667,3,1.96,4.24,300
TiO2,Ti,Robinson_2012,MD,rutile,69,22,1.76,47.867,0.333333333,6,1.96,4.24,300
U1,U,Beeler_2018,MD,alpha (bcc),66.3,92,2.4,238.02891,1,8,2.48,19.05,600
U1,U,Chen_2019,MD,alpha (bcc),71,92,2.4,238.02891,1,8,2.48,19.05,300
U2,U,Beeler_2018,MD,gamma (fcc),73.2,92,2.4,238.02891,1,8,2.9,21.15,800
U2,U,Beeler_2018,MD,gamma (fcc),47.1,92,2.4,238.02891,1,8,2.9,21.15,800
U2,U,Beeler_2018,MD,gamma (fcc),35.6,92,2.4,238.02891,1,8,2.9,21.15,800
UAl3,Al,Yang_2019,MD,TBA,41,13,1.43,26.9815,0.75,12,3.03,6.76,NR
UAl3,U,Yang_2019,MD,TBA,20,92,2.4,238.02891,0.25,12,3.03,6.76,NR
UO2,O,Meis_2005,MD,cubic,20,8,0.48,15.999,0.67,4,2.36,11.06,300
UO2,U,Meis_2005,MD,cubic,50,92,2.4,238.02891,0.33,8,2.36,11.06,300
UO2,O,Soullard_1985,HVEM,cubic,20,8,0.48,15.999,0.67,4,2.36,11.06,293
UO2,U,Soullard_1985,HVEM,cubic,40,92,2.4,238.02891,0.33,8,2.36,11.06,293
UO2,O,Benjamin_2019,MD,cubic,20,8,0.48,15.999,0.67,4,2.36,11.06,1500
UO2,U,Benjamin_2019,MD,cubic,40,92,2.4,238.02891,0.33,8,2.36,11.06,1500
UO2,O,Dacus_2019,MD,cubic,45,8,0.48,15.999,0.67,4,2.36,11.06,1500
UO2,U,Dacus_2019,MD,cubic,45,92,2.4,238.02891,0.33,8,2.36,11.06,1500
UO2,O,Bishop_2012,MD,cubic,40,8,0.48,15.999,0.67,4,2.36,11.06,NR
UO2,U,Bishop_2012,MD,cubic,120,92,2.4,238.02891,0.33,8,2.36,11.06,NR
UO2,U,Lee_2019,MD,cubic,65,92,2.4,238.02891,0.33,8,2.36,11.06,NR
V,V,Miller_1974,RM,hcp,26,23,1.79,50.9415,1,8,2.58,6.11,20
V,V,Kenik_1975,HVEM,bcc,34.33,23,1.79,50.9415,1,8,2.58,6.11,293
V,V,Zepeda_2003,MD,bcc,26.83,23,1.79,50.9415,1,8,2.58,6.11,300
V,V,Phuong_2021,MD,bcc,29,23,1.79,50.9415,1,8,2.58,6.11,300
V,V,Banisalman_2019,MD,bcc,34,23,1.79,50.9415,1,8,2.58,6.11,NR
V,V,Yang_2021,AIMD,bcc,26,23,1.79,50.9415,1,8,2.58,6.11,NR
V,V,Yang_2021,MD,bcc,12,23,1.79,50.9415,1,8,2.58,6.11,NR
V,V,Zolnikov_2015,MD,bcc,32,23,1.79,50.9415,1,8,2.58,6.11,300
VZr,V,Jung_1975,RM,bcc,25,23,1.79,50.9415,1,8,2.58,6.38,4.5
V0.8Cr0.1Ti0.1,V,Phuong_2021,MD,TBA,28,23,1.79,50.9415,0.8,6,2.6,6.2,300
V0.9Cr0.05Ti0.05,V,Phuong_2021,MD,TBA,38,23,1.79,50.9415,0.9,6,2.6,6.2,300
V0.9Cr0.1,V,Phuong_2021,MD,TBA,30,23,1.79,50.9415,0.9,8,2.51,7.01,300
V0.9Ti0.1,V,Phuong_2021,MD,TBA,30,23,1.79,50.9415,0.9,8,2.7,5.39,300
W,W,Neely_1968,RM,hcp,40,74,2.1,183.84,1,8,2.75,19.25,4
W,W,Vadja_1977,AE,bcc,50,74,2.1,183.84,1,8,2.75,19.25,30
W,W,Banisalman_2017,MD,bcc,85,74,2.1,183.84,1,8,2.75,19.25,30
W,W,Fikar_2009,MD,bcc,45,74,2.1,183.84,1,8,2.75,19.25,10
W,W,Fikar_2009,MD,bcc,61,74,2.1,183.84,1,8,2.75,19.25,10
W,W,Fikar_2009,MD,bcc,55,74,2.1,183.84,1,8,2.75,19.25,10
W,W,Maury_1978,RM,bcc,43,74,2.1,183.84,1,8,2.75,19.25,NR
W,W,Banilsaman_2019,MD,bcc,42,74,2.1,183.84,1,8,2.75,19.25,NR
W,W,Yang_2021,AIMD,bcc,48,74,2.1,183.84,1,8,2.75,19.25,NR
W,W,Yang_2021,MD,bcc,36,74,2.1,183.84,1,8,2.75,19.25,NR
Y2Ti2O7,O,Smith_2003,TRCS,Fd-3m,47,8,0.48,15.999,0.636363636,4,2.258333333,4.97,293
Y2Ti2O7,Y,Smith_2003,TRCS,Fd-3m,8.4,39,2.12,88.90585,0.181818182,8,2.4075,4.97,293
Y2Ti2O7,Ti,Smith_2003,TRCS,Fd-3m,16,22,1.76,47.867,0.181818182,6,1.96,4.97,293
Y2Ti2O7,Y,Gao_2011,AIMD,Fd-3m,32.7,39,2.12,88.90585,0.181818182,8,2.4075,4.97,100
Y2Ti2O7,Ti,Gao_2011,AIMD,Fd-3m,34.2,22,1.76,47.867,0.181818182,6,1.96,4.97,100
Y2Ti2O7,O,Xiao_2010,AIMD,Fd-3m,16.6,8,0.48,15.999,0.636363636,4,2.258333333,4.97,100
Y2Ti2O7,Y,Xiao_2010,AIMD,Fd-3m,35.1,39,2.12,88.90585,0.181818182,8,2.4075,4.97,100
Y2Ti2O7,Ti,Xiao_2010,AIMD,Fd-3m,35.4,22,1.76,47.867,0.181818182,6,1.96,4.97,100
Y3Al5O12,Al,Cheng_2019,AIMD,TBA,52,13,1.43,26.9815,0.25,5,1.85,4.56,300
Y3Al5O12,Y,Cheng_2019,AIMD,TBA,47,39,2.12,88.90585,0.15,8,2.38,4.56,300
Y3Al5O12,O,Cheng_2019,AIMD,TBA,22,8,0.48,15.999,0.6,4,2.12,4.56,300
Y4Zr3O12,Zr,Mohan_2020,AIMD,delta,54.5,40,2.06,91.224,0.16,6,2.21,5.48,300
Y4Zr3O12,Y,Mohan_2020,AIMD,delta,59,39,2.12,88.90585,0.21,7,2.32,5.48,300
Y4Zr3O12,O,Mohan_2020,AIMD,delta,18.33,8,0.48,15.999,0.63,3,2.24,5.48,300
YBa2Cu3O7,O,Kirsanov_1992,MD,TBA,12.7,8,0.48,15.999,0.54,4,2.39,6.2,NR
YBa2Cu3O7,Ba,Kirsanov_1992,MD,TBA,37.2,56,2.53,137.327,0.16,10,2.87,6.2,NR
YBa2Cu3O7,Y,Kirsanov_1992,MD,TBA,46,39,2.12,88.90585,0.08,8,2.41,6.2,NR
YBa2Cu3O7,O,Cui_1994,MD,TBA,11.5,8,0.48,15.999,0.54,4,2.39,6.2,0
YBa2Cu3O7,O,Gray_2022,MD,TBA,18.8,8,0.48,15.999,0.54,4,2.39,6.2,25
YBa2Cu3O7,Ba,Gray_2022,MD,TBA,40.98,56,2.53,137.327,0.16,10,2.87,6.2,25
YBa2Cu3O7,Y,Gray_2022,MD,TBA,38.97,39,2.12,88.90585,0.08,8,2.41,6.2,25
YBa2Cu3O7,Cu,Gray_2022,MD,TBA,17.62,29,1.28,63.546,0.22,4,1.88,6.2,25
YSZ,O,Costantini_2007,HVEM,cubic,120,8,0.48,15.999,0.66,4,2.2,6.21,293
YSZ,Zr,Costantini_2007,HVEM,cubic,80,40,2.06,91.224,0.3,8,2.2,6.21,293
YSZ,Y,Costantini_2007,HVEM,cubic,80,39,2.12,88.90585,0.04,8,2.2,6.21,293
YSZ,O,Costantini_2011,MD,cubic,40,8,0.48,15.999,0.66,4,2.2,6.21,310
YSZ,Zr,Costantini_2011,MD,cubic,80,40,2.06,91.224,0.3,8,2.2,6.21,310
Zn,Zn,Myhra_1973,RM,hexagonal,14.5,30,1.42,65.38,1,12,2.87,7.14,5
Zn,Zn,Karim_1978,HVEM,hexagonal,9.2,30,1.42,65.38,1,12,2.87,7.14,
ZnO,O,Williford_1988,MD,Wurzite,52.3,8,0.48,15.999,0.5,4,1.97,5.7,NR
ZnO,Zn,Williford_1988,MD,Wurzite,30.2,30,1.39,65.38,0.5,4,1.97,5.7,NR
ZnO,O,Locker_1972,TRCS,Wurzite,57,8,0.48,15.999,0.5,4,1.97,5.7,313.15
ZnO,Zn,Locker_1972,TRCS,Wurzite,57,30,1.39,65.38,0.5,4,1.97,5.7,313.15
ZnO,O,Meese_1972,TRCS,Wurzite,57,8,0.48,15.999,0.5,4,1.97,5.7,293
ZnO,O,Yoshiie_1979,TEM,Wurzite,55,8,0.48,15.999,0.5,4,1.97,5.7,NR
ZnO,Zn,Yoshiie_1979,TEM,Wurzite,70,8,0.48,15.999,0.5,4,1.97,5.7,NR
ZnO,Zn,Yoshiie_1979,TEM,Wurzite,30,8,0.48,15.999,0.5,4,1.97,5.7,NR
ZnS,Zn,Bryant_1966,PE,h,9.9,30,1.39,65.38,0.5,4,2.33,4.14,77
ZnS,S,Bryant_1966,PE,h,20.2,16,0.88,32.065,0.5,4,2.33,4.14,77
ZnSe,Se,Kulp_1963,RM,h,8.2,34,1.03,78.96,0.5,4,2.45,5.28,85
ZnSe,Zn,Kulp_1963,RM,h,10,30,1.39,65.38,0.5,4,2.45,5.28,85
ZnSe,Se,Detweiler_1966,PE,h,8.2,34,1.03,78.96,0.5,4,2.45,5.28,10
ZnSe,Zn,Detweiler_1966,PE,h,7.8,30,1.39,65.38,0.5,4,2.45,5.28,10
ZnTe,Zn,Meese_1971,PE,cubic,7.35,30,1.39,65.38,0.5,4,2.65,5.62,NR
ZnTe,Te,Bryant_1972,PE,cubic,6.7,52,1.23,127.6,0.5,4,2.65,5.62,77
ZnTe,Zn,Bryant_1972,PE,cubic,7,30,1.39,65.38,0.5,4,2.65,5.62,77
Zr,Zr,Biget_1971,RM,hcp,21,40,1.86,91.224,1,12,3.22,6.511,7.5
Zr,Zr,Neely_1970,RM,hcp,28,40,1.86,91.224,1,12,3.22,6.511,8
Zr,Zr,Ackland_1995,MD,hcp,55,40,1.86,91.224,1,12,3.22,6.511,0
Zr,Zr,Yang_2021,AIMD,hcp,20,40,1.86,91.224,1,12,3.22,6.511,NR
Zr,Zr,Yang_2021,MD,hcp,16,40,1.86,91.224,1,12,3.22,6.511,NR
ZrC,Zr,Zheng_2016,AIMD,Zincblende,37,40,2.06,91.224,0.5,4,2.21,6.61,300
ZrC,C,Zheng_2016,AIMD,Zincblende,16,6,0.67,12.011,0.5,4,2.21,6.61,300
ZrC3,Zr,Zheng_2016,AIMD,Zincblende,37,40,2.06,91.224,0.33,4,2.21,6.3092,300
ZrC3,C,Zheng_2016,AIMD,Zincblende,18,6,0.67,12.011,0.67,4,2.21,6.3092,300
ZrN,Zr,Rahman_2021,AIMD,TBA,33,40,2.06,91.224,0.5,6,2.29,7.23,50
ZrN,N,Rahman_2021,AIMD,TBA,29,7,0.56,14.0067,0.5,6,2.29,7.23,50
ZrO2,O,Xiao_2012,AIMD,cubic,23,8,0.48,15.999,0.67,4,2.2,6.21,100
ZrO2,Zr,Xiao_2012,AIMD,cubic,59.63,40,2.06,91.224,0.33,8,2.2,6.21,100
ZrSiO4,Zr,Williford_1988,MD,zircon,90.4,40,2.06,91.224,0.166666667,8,2.205,4.63,NR
ZrSiO4,Si,Williford_1988,MD,zircon,20.4,14,2.1,28.0855,0.166666667,4,1.62,4.63,NR
ZrSiO4,O,Williford_1988,MD,zircon,53.1,8,0.48,15.999,0.666666667,3,2.01,4.63,NR
ZrSiO4,Zr,Crocombette_2001,MD,zircon,90,40,2.06,91.224,0.166666667,8,2.205,4.63,300
ZrSiO4,Si,Crocombette_2001,MD,zircon,98,14,2.1,28.0855,0.166666667,4,1.62,4.63,300
ZrSiO4,O,Crocombette_2001,MD,zircon,32,8,0.48,15.999,0.666666667,3,2.01,4.63,300
ZrSiO4,Zr,Park_2001,MD,zircon,129.1428571,40,2.06,91.224,0.166666667,8,2.205,4.63,10
ZrSiO4,Si,Park_2001,MD,zircon,53.25,14,2.1,28.0855,0.166666667,4,1.62,4.63,10
ZrSiO4,O,Park_2001,MD,zircon,64.42857143,8,0.48,15.999,0.666666667,3,2.205,4.63,10
ZrSiO4,Zr,Moreira_2009_1,MD,zircon,120,40,2.06,91.224,0.166666667,8,2.205,4.63,300
ZrSiO4,Si,Moreira_2009_1,MD,zircon,60,14,2.1,28.0855,0.166666667,4,1.62,4.63,300
ZrSiO4,O,Moreira_2009_1,MD,zircon,60,8,0.48,15.999,0.666666667,3,2.01,4.63,300
ZrSiO4,Zr,Moreira_2009_2,MD,zircon,75,40,2.06,91.224,0.166666667,8,2.205,4.63,300
ZrSiO4,Si,Moreira_2009_2,MD,zircon,75,14,2.1,28.0855,0.166666667,4,1.62,4.63,300
ZrSiO4,O,Moreira_2009_2,MD,zircon,64,8,0.48,15.999,0.666666667,3,2.01,4.63,300
ZrSiO4,Zr,Devanathan_2010_1,MD,zircon,74,40,2.06,91.224,0.166666667,8,2.205,4.63,300
ZrSiO4,Si,Devanathan_2010_1,MD,zircon,75,14,2.1,28.0855,0.166666667,4,1.62,4.63,300
ZrSiO4,O,Devanathan_2010_1,MD,zircon,64,8,0.48,15.999,0.666666667,3,2.01,4.63,300
ZrSiO4,Zr,Devanathan_2010_2,MD,zircon,116,40,2.06,91.224,0.166666667,8,2.205,4.63,300
ZrSiO4,Si,Devanathan_2010_2,MD,zircon,120,14,2.1,28.0855,0.166666667,4,1.62,4.63,300
ZrSiO4,O,Devanathan_2010_2,MD,zircon,60,8,0.48,15.999,0.666666667,3,2.01,4.63,300